{"net":{"host_cache":[{"aliases":[],"canonical_names":[],"dns_query_type":0,"endpoint_metadatas":[],"expiration":"13380716103344243","flags":0,"host_ports":[],"host_resolver_source":0,"hostname":"www.google.com","hostname_results":[],"ip_endpoints":[{"endpoint_address":"142.251.175.99","endpoint_port":0},{"endpoint_address":"142.251.175.104","endpoint_port":0},{"endpoint_address":"142.251.175.105","endpoint_port":0},{"endpoint_address":"142.251.175.103","endpoint_port":0},{"endpoint_address":"142.251.175.147","endpoint_port":0},{"endpoint_address":"142.251.175.106","endpoint_port":0},{"endpoint_address":"2404:6800:4003:c1a::68","endpoint_port":0},{"endpoint_address":"2404:6800:4003:c1a::6a","endpoint_port":0},{"endpoint_address":"2404:6800:4003:c1a::69","endpoint_port":0},{"endpoint_address":"2404:6800:4003:c1a::67","endpoint_port":0}],"network_anonymization_key":[],"secure":false,"text_records":[]}],"http_server_properties":{"servers":[{"alternative_service":[{"advertised_alpns":[],"expiration":"9223372036854775807","port":443,"protocol_str":"quic"}],"anonymization":[],"server":"https://history.google.com"},{"alternative_service":[{"advertised_alpns":[],"expiration":"9223372036854775807","port":443,"protocol_str":"quic"}],"anonymization":[],"server":"https://android.googleapis.com"},{"alternative_service":[{"advertised_alpns":[],"expiration":"9223372036854775807","port":443,"protocol_str":"quic"}],"anonymization":[],"server":"https://www.gstatic.com"},{"alternative_service":[{"advertised_alpns":["h3"],"expiration":"13383308062508495","port":443,"protocol_str":"quic"}],"anonymization":[],"network_stats":{"srtt":44632},"server":"https://www.google.com"}],"supports_quic":{"address":"10.0.2.16","used_quic":true},"version":5}}}