<?xml version='1.0' encoding='utf-8' standalone='yes' ?>
<map>
    <boolean name="Chrome.Flags.CachedFlag.FeedLoadingPlaceholder" value="false" />
    <int name="Chrome.CrashReporting.LastSessionBrowserPid" value="3225" />
    <boolean name="org.chromium.chrome.browser.tabmodel.TabPersistentStore.HAS_RUN_MULTI_INSTANCE_FILE_MIGRATION" value="true" />
    <boolean name="Chrome.Flags.CachedFlag.FullscreenInsetsApiMigration" value="false" />
    <boolean name="Chrome.Flags.CachedFlag.InstantStart" value="false" />
    <boolean name="incognito-shortcut-added" value="true" />
    <boolean name="Chrome.MultiInstance.IsIncognitoSelected.0" value="false" />
    <boolean name="Chrome.Flags.CachedFlag.BackGestureRefactorAndroid" value="true" />
    <string name="org.chromium.chrome.browser.searchwidget.SEARCH_ENGINE_URL">https://www.google.com/</string>
    <boolean name="Chrome.Flags.CachedFlag.FullscreenInsetsApiMigrationOnAutomotive" value="true" />
    <boolean name="android_restore_status_recorded" value="true" />
    <string name="Chrome.CustomTabs.LastClientPackage">com.android.chrome</string>
    <long name="Chrome.MultiInstance.LastAccessedTime.0" value="1736237262240" />
    <boolean name="Chrome.Flags.CachedFlag.UseChimeAndroidSdk" value="false" />
    <boolean name="Chrome.Flags.FieldTrialParamCached.NewTabSearchEngineUrlAndroid:eea_country_only" value="true" />
    <long name="Chrome.StartSurface.LastVisibleTimeMs" value="1736237262263" />
    <int name="Chrome.MultiInstance.TabCount.0" value="3" />
    <string name="org.chromium.chrome.browser.searchwidget.SEARCH_ENGINE_SHORTNAME">Google</string>
    <boolean name="Chrome.Flags.CachedFlag.DeferTabSwitcherLayoutCreation" value="true" />
    <string name="pref_last_custom_tab_url">content://media/external/downloads/1000000033</string>
    <boolean name="first_run_flow" value="true" />
    <boolean name="Chrome.Flags.FieldTrialParamCached.TabAndLinkDragDropAndroid:disable_strip_to_strip_dd" value="false" />
    <long name="Chrome.Flags.LastCachedMinimalBrowserFlagsTimeMillis" value="1736236686838" />
    <boolean name="Chrome.Flags.CachedFlag.CCTTabModalDialog" value="false" />
    <boolean name="Chrome.Flags.CachedFlag.TabWindowManagerIndexReassignmentActivityNotInAppTasks" value="true" />
    <boolean name="Chrome.Flags.CachedFlag.StartSurfaceOnTablet" value="true" />
    <boolean name="Chrome.Flags.CachedFlag.OmniboxQueryTilesInZPSOnNTP" value="false" />
    <boolean name="Chrome.Flags.CachedFlag.TabWindowManagerIndexReassignmentActivityFinishing" value="true" />
    <int name="renderer_crash_failure_upload" value="0" />
    <boolean name="variations_seed_native_stored" value="true" />
    <boolean name="Chrome.Flags.FieldTrialParamCached.AndroidHub:floating_action_button" value="false" />
    <string name="Chrome.Homepage.PartnerCustomizedDefaultGurl">60&#0;1&#0;false&#0;0&#0;-1&#0;0&#0;-1&#0;0&#0;-1&#0;0&#0;-1&#0;0&#0;-1&#0;0&#0;-1&#0;0&#0;-1&#0;0&#0;-1&#0;false&#0;false&#0;</string>
    <boolean name="Chrome.Flags.FieldTrialParamCached.OmniboxModernizeVisualUpdate:enable_modernize_visual_update_on_tablet" value="true" />
    <boolean name="Chrome.Flags.CachedFlag.AndroidAppIntegration" value="true" />
    <int name="Chrome.Flags.FieldTrialParamCached.GridTabSwitcherAndroidAnimations:animation_start_timeout_ms" value="300" />
    <long name="ntp.signin_promo_suppression_period_start" value="1736236689759" />
    <boolean name="org.chromium.chrome.browser.searchwidget.IS_GOOGLE_LENS_AVAILABLE" value="false" />
    <boolean name="Chrome.Flags.CachedFlag.MultiInstanceApplicationStatusCleanup" value="false" />
    <string name="Chrome.Flags.FieldTrialParamCached.CCTResizableForThirdParties:denylist_entries"></string>
    <boolean name="Chrome.Flags.FieldTrialParamCached.AndroidHub:supports_bookmarks" value="false" />
    <boolean name="Chrome.Flags.CachedFlag.LogoPolish" value="false" />
    <string name="Chrome.Flags.FieldTrialParamCached.CCTMinimizedEnabledByDefault:manufacturer_exclude_list">xiaomi</string>
    <long name="ChromeTabbedActivity.BackgroundTimeMs" value="1736237286126" />
    <long name="Chrome.CommerceSubscriptions.ChromeManagedTimestamp" value="1736236829559" />
    <int name="Chrome.Flags.FieldTrialParamCached.OptimizationGuidePushNotifications:max_cache_size" value="100" />
    <string name="Chrome.MultiInstance.Title.0">New tab</string>
    <int name="Chrome.Flags.FieldTrialParamCached.StartSurfaceReturnTime:start_surface_return_time_seconds" value="28800" />
    <boolean name="Chrome.Flags.CachedFlag.TabStripStartupRefactoring" value="true" />
    <int name="Chrome.Flags.FieldTrialParamCached.TabToGTSAnimation:zooming-min-memory-mb" value="2048" />
    <boolean name="Chrome.Flags.CachedFlag.ArchiveTabService" value="false" />
    <int name="browser_crash_failure_upload" value="0" />
    <boolean name="Chrome.Privacy.UsageAndCrashReportingPermittedByPolicy" value="true" />
    <boolean name="Chrome.Flags.FieldTrialParamCached.TabToGTSAnimation:skip-slow-zooming" value="true" />
    <boolean name="Chrome.Flags.FieldTrialParamCached.StartSurfaceReturnTime:start_surface_return_time_use_model" value="false" />
    <boolean name="Chrome.Flags.FieldTrialParamCached.LogoPolish:polish_logo_size_large" value="false" />
    <boolean name="Chrome.Flags.CachedFlag.PaintPreviewNewColdStartHeuristic" value="true" />
    <boolean name="Chrome.Flags.FieldTrialParamCached.TabAndLinkDragDropAndroid:disable_drag_to_new_instance" value="false" />
    <boolean name="Chrome.Flags.CachedFlag.IncognitoReauthenticationForAndroid" value="true" />
    <boolean name="Chrome.Flags.CachedFlag.MagicStackAndroid" value="true" />
    <boolean name="Chrome.Flags.FieldTrialParamCached.UseChimeAndroidSdk:always_register" value="false" />
    <boolean name="Chrome.Flags.CachedFlag.SearchEngineChoice" value="false" />
    <boolean name="org.chromium.chrome.browser.searchwidget.IS_INCOGNITO_AVAILABLE" value="true" />
    <string name="Chrome.Flags.FieldTrialParamCached.CCTAutoTranslate:package_names_allowlist">com.google.android.googlequicksearchbox</string>
    <int name="org.chromium.chrome.browser.tabmodel.TabPersistentStore.ACTIVE_TAB_ID" value="3" />
    <boolean name="Chrome.Flags.CachedFlag.AccountReauthenticationRecentTimeWindow" value="true" />
    <boolean name="skip_welcome_page" value="true" />
    <boolean name="Chrome.Flags.FieldTrialParamCached.StartSurfaceAndroid:is_doodle_supported" value="false" />
    <string name="Chrome.Flags.FieldTrialParamCached.CCTResizableForThirdParties:allowlist_entries"></string>
    <boolean name="Chrome.Flags.FieldTrialParamCached.AndroidHub:pane_switcher_uses_text" value="false" />
    <boolean name="Chrome.Flags.FieldTrialParamCached.FeedLoadingPlaceholder:enable-animation-on-instant-start" value="false" />
    <boolean name="first_run_tos_accepted" value="true" />
    <boolean name="Chrome.Flags.CachedFlag.AndroidTabGroupStableIds" value="true" />
    <boolean name="Chrome.Flags.FieldTrialParamCached.BackGestureRefactorAndroid:system_back" value="false" />
    <boolean name="cache_activity_taskid_enabled" value="true" />
    <boolean name="Chrome.Flags.FieldTrialParamCached.SurfacePolish:polish_omnibox_color" value="true" />
    <string name="Chrome.Policy.CloudManagementClientId">3c53c9112bf96d82</string>
    <boolean name="Chrome.Flags.CachedFlag.TabWindowManagerReportIndicesMismatch" value="true" />
    <boolean name="Chrome.Flags.CachedFlag.TabletToolbarReordering" value="false" />
    <boolean name="Chrome.Flags.CachedFlag.PaintPreviewDemo" value="false" />
    <boolean name="Chrome.Flags.FieldTrialParamCached.OmniboxModernizeVisualUpdate:modernize_visual_update_active_color_on_omnibox" value="true" />
    <boolean name="Chrome.Flags.CachedFlag.TabDragDropAndroid" value="false" />
    <int name="Chrome.StartSurface.IncognitoTabCount" value="0" />
    <boolean name="Chrome.Flags.CachedFlag.TabAndLinkDragDropAndroid" value="false" />
    <float name="user_font_scale_factor" value="1.0" />
    <boolean name="Chrome.Flags.FieldTrialParamCached.PriceChangeModule:skip_shopping_persisted_tab_data_delayed_initialization" value="true" />
    <boolean name="Chrome.Flags.FieldTrialParamCached.BackGestureRefactorAndroid:tab_history_recover" value="false" />
    <boolean name="Chrome.Flags.FieldTrialParamCached.SurfacePolish:scrollable_mvt" value="true" />
    <boolean name="Chrome.Flags.FieldTrialParamCached.SurfacePolish:less_brand_space" value="true" />
    <boolean name="LocaleManager_WAS_IN_SPECIAL_LOCALE" value="false" />
    <string name="locale">en-US</string>
    <boolean name="Chrome.Flags.CachedFlag.BlockIntentsWhileLocked" value="false" />
    <int name="Chrome.Flags.FieldTrialParamCached.StartSurfaceReturnTime:start_surface_return_time_on_tablet_seconds" value="28800" />
    <boolean name="Chrome.Flags.CachedFlag.SurfacePolish" value="true" />
    <boolean name="Chrome.Flags.CachedFlag.DelayTempStripRemoval" value="false" />
    <boolean name="Chrome.Flags.CachedFlag.NewTabSearchEngineUrlAndroid" value="true" />
    <string name="Chrome.MultiInstance.Url.0">chrome-native://newtab/</string>
    <boolean name="Chrome.Flags.CachedFlag.CommandLineOnNonRooted" value="false" />
    <string name="Chrome.Flags.FieldTrialParamCached.TabAndLinkDragDropAndroid:enable_non_split_mode_tab_drag_manufacturer_allowlist">samsung</string>
    <boolean name="Chrome.Flags.FieldTrialParamCached.AndroidHub:supports_other_tabs" value="false" />
    <int name="org.chromium.chrome.browser.tab.TabIdManager.NEXT_ID" value="4" />
    <boolean name="Chrome.Flags.FieldTrialParamCached.AndroidHub:supports_search" value="false" />
    <int name="Chrome.Flags.FieldTrialParamCached.StartSurfaceAndroid:signin_promo_NTP_count_limit" value="5" />
    <boolean name="Chrome.Flags.CachedFlag.OptimizationGuidePushNotifications" value="true" />
    <string name="com.google.android.apps.chrome.rlz.RLZ_STRING"></string>
    <boolean name="Chrome.Flags.CachedFlag.ToolbarUseHardwareBitmapDraw" value="false" />
    <int name="Chrome.StartSurface.RegularTabCount" value="3" />
    <boolean name="Chrome.Flags.CachedFlag.RedirectExplicitCTAIntentsToExistingActivity" value="true" />
    <boolean name="Chrome.Flags.CachedFlag.TabStripGroupIndicatorsAndroid" value="false" />
    <boolean name="Chrome.Flags.CachedFlag.CCTMinimized" value="true" />
    <boolean name="snapshot_database_removed" value="true" />
    <int name="Chrome.MultiInstance.MaxInstanceCount" value="1" />
    <boolean name="first_backup_done" value="true" />
    <int name="Chrome.AppLaunch.LastKnownActiveTabState" value="1" />
    <boolean name="Chrome.Flags.CachedFlag.CCTGoogleBottomBar" value="false" />
    <boolean name="Chrome.Flags.CachedFlag.CCTResizableForThirdParties" value="true" />
    <int name="Chrome.Flags.FieldTrialParamCached.StartSurfaceAndroid:signin_promo_NTP_since_first_time_shown_limit_hours" value="336" />
    <long name="com.google.android.apps.chrome.ChromeMobileApplication.BOOT_TIMESTAMP" value="1736236552133" />
    <int name="Chrome.CustomTabs.LastTaskId" value="12" />
    <boolean name="Chrome.Flags.FieldTrialParamCached.SurfacePolish:move_down_logo" value="true" />
    <int name="browser_crash_success_upload" value="0" />
    <int name="Chrome.DefaultBrowserPromo.SessionCount" value="3" />
    <boolean name="Chrome.Flags.FieldTrialParamCached.NewTabSearchEngineUrlAndroid:swap_out_ntp" value="false" />
    <boolean name="Chrome.Flags.CachedFlag.PrivacyGuidePreloadAndroid" value="false" />
    <boolean name="Chrome.Flags.FieldTrialParamCached.CCTAutoTranslate:allow_all_first_parties" value="false" />
    <boolean name="Chrome.Flags.CachedFlag.AndroidElegantTextHeight" value="false" />
    <int name="Chrome.Flags.FieldTrialParamCached.TabWindowManagerReportIndicesMismatch:activity_creation_timestamp_diff_threshold_ms" value="1000" />
    <set name="bts_cached_uma">
        <string>Android.BackgroundTaskScheduler.TaskCreated.WithoutExpiration:1:2</string>
        <string>Android.BackgroundTaskScheduler.TaskCanceled:29:3</string>
        <string>Android.BackgroundTaskScheduler.TaskCanceled:8:1</string>
        <string>Android.BackgroundTaskScheduler.TaskCreated.WithoutExpiration:9:7</string>
        <string>Android.BackgroundTaskScheduler.TaskCreated.WithoutExpiration:8:6</string>
        <string>Android.BackgroundTaskScheduler.TaskScheduled.Success:8:6</string>
        <string>Android.BackgroundTaskScheduler.TaskCanceled:30:3</string>
        <string>Android.BackgroundTaskScheduler.TaskScheduled.Success:9:7</string>
        <string>Android.BackgroundTaskScheduler.TaskStarted:1:1</string>
        <string>Android.BackgroundTaskScheduler.TaskScheduled.Success:1:2</string>
    </set>
    <boolean name="Chrome.Flags.CachedFlag.PriceChangeModule" value="true" />
    <boolean name="Chrome.Flags.CachedFlag.CCTResizableSideSheet" value="true" />
    <long name="MainIntent.LaunchTimestamp" value="1736236691738" />
    <int name="Chrome.CrashReporting.LastSessionApplicationState" value="3" />
    <boolean name="Chrome.Flags.FieldTrialParamCached.StartSurfaceAndroid:open_start_as_homepage" value="false" />
    <boolean name="Chrome.Flags.CachedFlag.ShowNtpAtStartupAndroid" value="true" />
    <boolean name="bg_startup_tracing" value="false" />
    <boolean name="in_metrics_sample" value="false" />
    <int name="NextDownloadNotificationId" value="1000001" />
    <int name="Chrome.MultiInstance.IncognitoTabCount.0" value="0" />
    <string name="Chrome.Flags.FieldTrialParamCached.ExperimentsForAgsa:">{}</string>
    <boolean name="Chrome.Flags.CachedFlag.UseLibunwindstackNativeUnwinderAndroid" value="true" />
    <int name="gpu_crash_failure_upload" value="0" />
    <boolean name="Chrome.Flags.CachedFlag.TabResumptionModuleAndroid" value="false" />
    <boolean name="applink.chrome_default_browser" value="true" />
    <int name="channels_version_key" value="4" />
    <boolean name="Chrome.Flags.CachedFlag.TabGroupPaneAndroid" value="false" />
    <int name="Chrome.Flags.FieldTrialParamCached.CollectAndroidFrameTimelineMetrics:delayed_start_ms" value="3000" />
    <boolean name="Chrome.Flags.CachedFlag.StartSurfaceReturnTime" value="true" />
    <boolean name="Chrome.Flags.CachedFlag.VerticalAutomotiveBackButtonToolbar" value="true" />
    <int name="renderer_crash_success_upload" value="0" />
    <boolean name="background_thread_pool_enabled" value="false" />
    <int name="Chrome.Segmentation.FeedActiveUser" value="0" />
    <int name="Chrome.Flags.FieldTrialParamCached.DynamicTopChrome:transition_threshold_dp" value="412" />
    <int name="Chrome.Flags.CrashStreakBeforeCache" value="0" />
    <boolean name="org.chromium.chrome.browser.tabmodel.TabPersistentStore.HAS_COMPUTED_MAX_ID" value="true" />
    <long name="ANR_ALREADY_UPLOADED_TIMESTAMP" value="0" />
    <boolean name="Chrome.Flags.CachedFlag.CollectAndroidFrameTimelineMetrics" value="false" />
    <boolean name="Chrome.StartSurface.IsLastVisitedTabSRP" value="false" />
    <boolean name="org.chromium.chrome.browser.tabmodel.TabPersistentStore.HAS_RUN_FILE_MIGRATION" value="true" />
    <boolean name="Chrome.Feed.ArticlesListVisible" value="true" />
    <boolean name="Chrome.Flags.CachedFlag.CCTIncognitoAvailableToThirdParty" value="false" />
    <int name="other_crash_success_upload" value="0" />
    <boolean name="Chrome.Flags.CachedFlag.DownloadsMigrateToJobsAPI" value="true" />
    <boolean name="Chrome.Privacy.InSampleForCrashReporting" value="false" />
    <boolean name="Chrome.Flags.CachedFlag.BackGestureActivityTabProvider" value="false" />
    <boolean name="Chrome.SearchEngine.IsEeaChoiceCountry" value="false" />
    <boolean name="Chrome.Flags.FieldTrialParamCached.MagicStackAndroid:show_all_modules" value="false" />
    <boolean name="Chrome.Flags.CachedFlag.TabWindowManagerIndexReassignmentActivityInSameTask" value="true" />
    <boolean name="Chrome.Flags.CachedFlag.SmallerTabStripTitleLimit" value="true" />
    <boolean name="Chrome.Flags.FieldTrialParamCached.NewTabSearchEngineUrlAndroid:skip_eea_country_check" value="false" />
    <boolean name="Chrome.Flags.CachedFlag.FriendlierSafeBrowsingSettingsStandardProtection" value="true" />
    <boolean name="Chrome.Flags.FieldTrialParamCached.StartSurfaceAndroid:open_ntp_instead_of_start" value="true" />
    <boolean name="Chrome.Flags.CachedFlag.BackGestureMoveToBackDuringStartup" value="true" />
    <boolean name="Chrome.Flags.CachedFlag.DrawEdgeToEdgeInsetsManagement" value="true" />
    <int name="com.android.chrome.SEARCH_ENGINE_PROMO_SHOWN" value="0" />
    <string name="Chrome.Flags.FieldTrialParamCached.CCTResizableForThirdParties:default_policy">use-denylist</string>
    <boolean name="Chrome.Flags.FieldTrialParamCached.StartSurfaceAndroid:hide_switch_when_no_incognito_tabs" value="true" />
    <boolean name="Chrome.Flags.CachedFlag.DrawEdgeToEdge" value="false" />
    <boolean name="Chrome.Flags.CachedFlag.DragDropIntoOmnibox" value="false" />
    <boolean name="Chrome.Flags.CachedFlag.TabToGTSAnimation" value="true" />
    <int name="Chrome.Flags.FieldTrialParamCached.OmahaMinSdkVersionAndroid:min_sdk_version" value="29" />
    <boolean name="com.android.chrome.MISSING_TIMEZONES" value="true" />
    <boolean name="Chrome.Flags.FieldTrialParamCached.OmniboxQueryTilesInZPSOnNTP:QueryTilesShowAsCarousel" value="false" />
    <boolean name="Chrome.Flags.CachedFlag.StartSurfaceAndroid" value="true" />
    <int name="MainIntent.LaunchCount" value="3" />
    <boolean name="Chrome.Flags.CachedFlag.NavBarColorMatchesTabBackground" value="false" />
    <boolean name="Chrome.Flags.CachedFlag.TabStateFlatBuffer" value="false" />
    <int name="Chrome.Flags.FieldTrialParamCached.CCTMinimized:icon_variant" value="0" />
    <string name="com.google.android.apps.chrome.rlz.CHROME_CLIENT_ID">ms-unknown</string>
    <boolean name="Chrome.Flags.FieldTrialParamCached.LogoPolish:polish_logo_size_medium" value="false" />
    <boolean name="Chrome.Flags.CachedFlag.GridTabSwitcherAndroidAnimations" value="false" />
    <boolean name="Chrome.Privacy.UsageAndCrashReportingPermittedByUser" value="true" />
    <boolean name="Chrome.AppLaunch.SearchEngineHadLogo" value="true" />
    <boolean name="variations_initialized" value="true" />
    <boolean name="Chrome.Flags.CachedFlag.ExperimentsForAgsa" value="true" />
    <boolean name="Chrome.Flags.CachedFlag.StartSurfaceWithAccessibility" value="true" />
    <boolean name="Chrome.Flags.CachedFlag.FriendlierSafeBrowsingSettingsEnhancedProtection" value="true" />
    <boolean name="Chrome.Flags.CachedFlag.OmniboxMatchToolbarAndStatusBarColor" value="true" />
    <int name="other_crash_failure_upload" value="0" />
    <boolean name="low_entropy_source_fre_completed" value="true" />
    <boolean name="Chrome.Flags.CachedFlag.DrawNativeEdgeToEdge" value="false" />
    <int name="Chrome.MultiInstance.TaskMap.0" value="10" />
    <int name="Chrome.Flags.FieldTrialParamCached.DelayTempStripRemoval:timeout_ms" value="1000" />
    <boolean name="Chrome.Flags.CachedFlag.AppSpecificHistory" value="false" />
    <boolean name="Chrome.Flags.CachedFlag.PrivacyGuideAndroid3" value="false" />
    <boolean name="Chrome.Flags.CachedFlag.AsyncNotificationManager" value="false" />
    <boolean name="Chrome.Flags.CachedFlag.DrawWebEdgeToEdge" value="false" />
    <boolean name="Chrome.SearchEngine.IsDSEGoogle" value="true" />
    <boolean name="Chrome.Flags.CachedFlag.QueryTiles" value="false" />
    <long name="com.google.android.apps.chrome.rlz.CHROME_VERSION_CODE" value="636771938" />
    <boolean name="content_suggestions_shown" value="true" />
    <boolean name="Chrome.Flags.FieldTrialParamCached.TabAndLinkDragDropAndroid:disable_strip_to_content_dd" value="false" />
    <boolean name="Chrome.Flags.CachedFlag.CCTFeatureUsage" value="true" />
    <boolean name="Chrome.Flags.CachedFlag.DynamicTopChrome" value="true" />
    <boolean name="Chrome.Flags.CachedFlag.TabletToolbarIncognitoStatus" value="true" />
    <boolean name="Chrome.Flags.FieldTrialParamCached.DynamicTopChrome:use_toolbar_bg_color_for_strip_transition_scrim" value="true" />
    <boolean name="Chrome.Flags.CachedFlag.CCTIntentFeatureOverrides" value="true" />
    <boolean name="Chrome.Flags.CachedFlag.SafeBrowsingCallNewGmsApiOnStartup" value="true" />
    <long name="Chrome.MultiInstance.MaxCountTime" value="1736236691336" />
    <boolean name="Chrome.Flags.CachedFlag.TabGroupParityAndroid" value="false" />
    <boolean name="org.chromium.chrome.browser.searchwidget.IS_VOICE_SEARCH_AVAILABLE" value="true" />
    <int name="gpu_crash_success_upload" value="0" />
    <boolean name="Chrome.Flags.CachedFlag.CCTAutoTranslate" value="true" />
    <int name="Chrome.Flags.FieldTrialParamCached.StartSurfaceAndroid:signin_promo_NTP_reset_after_hours" value="672" />
    <boolean name="Chrome.Flags.CachedFlag.AndroidHub" value="false" />
    <boolean name="Chrome.Flags.CachedFlag.CCTResizableSideSheetForThirdParties" value="true" />
    <boolean name="Chrome.Flags.FieldTrialParamCached.TabAndLinkDragDropAndroid:disable_strip_to_strip_diff_model_dd" value="false" />
    <boolean name="Chrome.Flags.CachedFlag.CCTPageInsightsHub" value="true" />
    <boolean name="Chrome.Flags.CachedFlag.OmniboxModernizeVisualUpdate" value="true" />
</map>
