<?xml version='1.0' encoding='utf-8' standalone='yes' ?>
<map>
    <int name="backoffFailedAttempts" value="0" />
    <long name="timestampOfRequest" value="-1" />
    <int name="serverDate" value="6580" />
    <long name="delay" value="3600000" />
    <long name="timestampForNewRequest" value="1736254698851" />
    <boolean name="sendInstallEvent" value="false" />
    <long name="timestampForNextPostAttempt" value="1736240298852" />
    <string name="persistedRequestID">invalid</string>
    <long name="timestampOfInstall" value="1736236697840" />
    <string name="installSource">system_image</string>
</map>
