<?xml version='1.0' encoding='utf-8' standalone='yes' ?>
<map>
    <boolean name="Chrome.Flags.CachedFlag.IncognitoReauthenticationForAndroid" value="true" />
    <boolean name="Chrome.Flags.FieldTrialParamCached.NewTabSearchEngineUrlAndroid:skip_eea_country_check" value="false" />
    <boolean name="Chrome.Flags.CachedFlag.MagicStackAndroid" value="false" />
    <boolean name="Chrome.Flags.FieldTrialParamCached.SurfacePolish:less_brand_space" value="true" />
    <boolean name="Chrome.Flags.CachedFlag.FullscreenInsetsApiMigration" value="false" />
    <string name="Chrome.Flags.SafeValuesVersion">124.0.6367.219</string>
    <boolean name="Chrome.Flags.CachedFlag.VerticalAutomotiveBackButtonToolbar" value="true" />
    <boolean name="Chrome.Flags.CachedFlag.InstantStart" value="false" />
    <boolean name="Chrome.Flags.CachedFlag.DrawEdgeToEdgeInsetsManagement" value="true" />
    <boolean name="Chrome.Flags.CachedFlag.BackGestureRefactorAndroid" value="false" />
    <boolean name="Chrome.Flags.CachedFlag.DynamicTopChrome" value="false" />
    <boolean name="Chrome.Flags.CachedFlag.LogoPolish" value="false" />
    <boolean name="Chrome.Flags.FieldTrialParamCached.StartSurfaceAndroid:is_doodle_supported" value="false" />
    <boolean name="Chrome.Flags.FieldTrialParamCached.StartSurfaceAndroid:hide_switch_when_no_incognito_tabs" value="true" />
    <boolean name="Chrome.Flags.FieldTrialParamCached.SurfacePolish:move_down_logo" value="true" />
    <boolean name="Chrome.Flags.CachedFlag.SafeBrowsingCallNewGmsApiOnStartup" value="false" />
    <boolean name="Chrome.Flags.CachedFlag.AndroidTabGroupStableIds" value="false" />
    <boolean name="Chrome.Flags.CachedFlag.TabGroupParityAndroid" value="false" />
    <boolean name="Chrome.Flags.FieldTrialParamCached.BackGestureRefactorAndroid:system_back" value="false" />
    <boolean name="Chrome.Flags.CachedFlag.TabToGTSAnimation" value="true" />
    <int name="Chrome.Flags.FieldTrialParamCached.OmahaMinSdkVersionAndroid:min_sdk_version" value="29" />
    <boolean name="Chrome.Flags.CachedFlag.SurfacePolish" value="true" />
    <boolean name="Chrome.Flags.CachedFlag.AndroidElegantTextHeight" value="false" />
    <boolean name="Chrome.Flags.CachedFlag.TabStripStartupRefactoring" value="true" />
    <boolean name="Chrome.Flags.FieldTrialParamCached.SurfacePolish:polish_omnibox_color" value="true" />
    <boolean name="Chrome.Flags.CachedFlag.StartSurfaceAndroid" value="true" />
    <boolean name="Chrome.Flags.CachedFlag.NavBarColorMatchesTabBackground" value="false" />
    <boolean name="Chrome.Flags.CachedFlag.TabStateFlatBuffer" value="false" />
    <boolean name="Chrome.Flags.CachedFlag.NewTabSearchEngineUrlAndroid" value="true" />
    <int name="Chrome.Flags.FieldTrialParamCached.TabToGTSAnimation:zooming-min-memory-mb" value="2048" />
    <boolean name="Chrome.Flags.FieldTrialParamCached.NewTabSearchEngineUrlAndroid:eea_country_only" value="true" />
    <boolean name="Chrome.Flags.CachedFlag.CollectAndroidFrameTimelineMetrics" value="false" />
    <boolean name="Chrome.Flags.CachedFlag.DeferTabSwitcherLayoutCreation" value="true" />
    <boolean name="Chrome.Flags.CachedFlag.AndroidHub" value="false" />
    <boolean name="Chrome.Flags.FieldTrialParamCached.StartSurfaceAndroid:open_start_as_homepage" value="false" />
    <boolean name="Chrome.Flags.FieldTrialParamCached.OmniboxModernizeVisualUpdate:modernize_visual_update_active_color_on_omnibox" value="true" />
    <boolean name="Chrome.Flags.CachedFlag.ShowNtpAtStartupAndroid" value="false" />
    <boolean name="Chrome.Flags.CachedFlag.PaintPreviewNewColdStartHeuristic" value="true" />
    <boolean name="Chrome.Flags.CachedFlag.OmniboxMatchToolbarAndStatusBarColor" value="false" />
    <boolean name="Chrome.Flags.CachedFlag.ToolbarUseHardwareBitmapDraw" value="false" />
    <boolean name="Chrome.Flags.CachedFlag.RedirectExplicitCTAIntentsToExistingActivity" value="true" />
    <boolean name="Chrome.Flags.CachedFlag.UseLibunwindstackNativeUnwinderAndroid" value="true" />
    <int name="Chrome.Flags.FieldTrialParamCached.DelayTempStripRemoval:timeout_ms" value="1000" />
    <boolean name="Chrome.Flags.CachedFlag.AppSpecificHistory" value="false" />
    <boolean name="Chrome.Flags.CachedFlag.AsyncNotificationManager" value="false" />
    <boolean name="Chrome.Flags.CachedFlag.OmniboxModernizeVisualUpdate" value="true" />
    <boolean name="Chrome.Flags.CachedFlag.TabResumptionModuleAndroid" value="false" />
</map>
