{"Fid":"d9XkMhJsRLufwNNg1IVJtM","Status":3,"AuthToken":"eyJhbGciOiJFUzI1NiIsInR5cCI6IkpXVCJ9.eyJhcHBJZCI6IjE6NjI0NjQ1MjYzMTQ0OmFuZHJvaWQ6MTAxNTFhODI3NTUxNjYyNGE0Y2ExZCIsImV4cCI6MTczNjg0MTUyMywiZmlkIjoiZDlYa01oSnNSTHVmd05OZzFJVkp0TSIsInByb2plY3ROdW1iZXIiOjYyNDY0NTI2MzE0NH0.AB2LPV8wRgIhANwH0inSNlwef9hCsG37fvMcR6Q-GQXkUykAoLy7k10IAiEAzP9OVl-82Lzm-zUI8QYHGBjjhelP84YZh_OK6-pBUWw","RefreshToken":"3_AS3qfwLmh2Nl81M3YV8Y6zgKP5ZO5xrhY26X8SiLeGSiACcybzbMe_Vu0G8-cKXKVsQaJMTtwILUz_BG_4ivQzFZJi7ZN5-rqNAcTQG-O1FtLg","TokenCreationEpochInSecs":1736236722,"ExpiresInSecs":604800}