{"Fid":"f9IU2FJzTR-5q6miYTon3U","Status":3,"AuthToken":"eyJhbGciOiJFUzI1NiIsInR5cCI6IkpXVCJ9.eyJhcHBJZCI6IjE6NzQwODE2NzY4MTc6YW5kcm9pZDpiN2M1ZmRhMzE0MzRjZjBjNTJjYmIwIiwiZXhwIjoxNzM2ODQxNDcxLCJmaWQiOiJmOUlVMkZKelRSLTVxNm1pWVRvbjNVIiwicHJvamVjdE51bWJlciI6NzQwODE2NzY4MTd9.AB2LPV8wRAIgVG2WsvY6Z-WTwIdlRgmxpGGJLOLPmwNyERy2jjnn4hcCIHnIkr3fdDxKkTEzKSTz0mk1W7urec0Qst0ow1Ds16Ew","RefreshToken":"3_AS3qfwKhgJi2V33bvWlT5uejhM8wl8gEbVuI9nVorlkIp2yVuNdePLjfSjzVvgIup5CSBdiq0fzOsnhHY1YfulyPQT0xnVExxGj79I7ve8F4Xac","TokenCreationEpochInSecs":1736236670,"ExpiresInSecs":604800}