<?xml version='1.0' encoding='utf-8' standalone='yes' ?>
<WifiConfigStoreData>
<int name="Version" value="3" />
<WifiCarrierInfoStoreManagerDataStores>
<map name="MergedCarrierNetworkOffloadMap" />
<map name="UnmergedCarrierNetworkOffloadMap" />
<boolean name="AutoJoinFlippedOnOobPseudonymEnabled" value="true" />
</WifiCarrierInfoStoreManagerDataStores>
<NetworkList>
<Network>
<WifiConfiguration>
<string name="ConfigKey">&quot;AndroidWifi&quot;NONE</string>
<string name="SSID">&quot;AndroidWifi&quot;</string>
<null name="PreSharedKey" />
<null name="WEPKeys" />
<int name="WEPTxKeyIndex" value="0" />
<boolean name="HiddenSSID" value="false" />
<boolean name="RequirePMF" value="false" />
<byte-array name="AllowedKeyMgmt" num="1">01</byte-array>
<byte-array name="AllowedProtocols" num="1">03</byte-array>
<byte-array name="AllowedAuthAlgos" num="0"></byte-array>
<byte-array name="AllowedGroupCiphers" num="0"></byte-array>
<byte-array name="AllowedPairwiseCiphers" num="0"></byte-array>
<byte-array name="AllowedGroupMgmtCiphers" num="0"></byte-array>
<byte-array name="AllowedSuiteBCiphers" num="0"></byte-array>
<boolean name="Shared" value="true" />
<boolean name="AutoJoinEnabled" value="true" />
<int name="Priority" value="0" />
<int name="DeletionPriority" value="0" />
<int name="NumRebootsSinceLastUse" value="0" />
<boolean name="RepeaterEnabled" value="false" />
<boolean name="EnableWifi7" value="true" />
<SecurityParamsList>
<SecurityParams>
<int name="SecurityType" value="0" />
<boolean name="IsEnabled" value="true" />
<boolean name="SaeIsH2eOnlyMode" value="false" />
<boolean name="SaeIsPkOnlyMode" value="false" />
<boolean name="IsAddedByAutoUpgrade" value="false" />
<byte-array name="AllowedSuiteBCiphers" num="0"></byte-array>
</SecurityParams>
<SecurityParams>
<int name="SecurityType" value="6" />
<boolean name="IsEnabled" value="true" />
<boolean name="SaeIsH2eOnlyMode" value="false" />
<boolean name="SaeIsPkOnlyMode" value="false" />
<boolean name="IsAddedByAutoUpgrade" value="true" />
<byte-array name="AllowedSuiteBCiphers" num="0"></byte-array>
</SecurityParams>
</SecurityParamsList>
<boolean name="SendDhcpHostname" value="true" />
<boolean name="Trusted" value="true" />
<boolean name="IsRestricted" value="false" />
<boolean name="OemPaid" value="false" />
<boolean name="OemPrivate" value="false" />
<boolean name="CarrierMerged" value="false" />
<null name="BSSID" />
<int name="Status" value="0" />
<null name="FQDN" />
<null name="ProviderFriendlyName" />
<null name="LinkedNetworksList" />
<string name="DefaultGwMacAddress">52:55:0a:00:02:02</string>
<boolean name="ValidatedInternetAccess" value="true" />
<boolean name="NoInternetAccessExpected" value="false" />
<boolean name="MeteredHint" value="false" />
<int name="MeteredOverride" value="0" />
<boolean name="UseExternalScores" value="false" />
<int name="CreatorUid" value="10169" />
<string name="CreatorName">com.google.android.googlesdksetup</string>
<int name="LastUpdateUid" value="10169" />
<string name="LastUpdateName">com.google.android.googlesdksetup</string>
<int name="LastConnectUid" value="10169" />
<boolean name="IsLegacyPasspointConfig" value="false" />
<long-array name="RoamingConsortiumOIs" num="0" />
<string name="RandomizedMacAddress">e2:c5:ce:ce:7b:31</string>
<int name="MacRandomizationSetting" value="3" />
<int name="CarrierId" value="-1" />
<boolean name="IsMostRecentlyConnected" value="true" />
<int name="SubscriptionId" value="-1" />
<byte-array name="DppPrivateEcKey" num="0"></byte-array>
<byte-array name="DppConnector" num="0"></byte-array>
<byte-array name="DppCSignKey" num="0"></byte-array>
<byte-array name="DppNetAccessKey" num="0"></byte-array>
</WifiConfiguration>
<NetworkStatus>
<string name="SelectionStatus">NETWORK_SELECTION_ENABLED</string>
<string name="DisableReason">NETWORK_SELECTION_ENABLE</string>
<null name="ConnectChoice" />
<int name="ConnectChoiceRssi" value="0" />
<boolean name="HasEverConnected" value="true" />
<boolean name="CaptivePortalNeverDetected" value="true" />
<boolean name="HasEverValidatedInternetAccess" value="true" />
</NetworkStatus>
<IpConfiguration>
<string name="IpAssignment">DHCP</string>
<string name="ProxySettings">NONE</string>
</IpConfiguration>
</Network>
</NetworkList>
<MacAddressMap>
<map name="MacMapEntry" />
</MacAddressMap>
<Settings>
<map name="Values">
<int name="wifi_native_supported_sta_bands" value="1" />
<string name="wifi_available_soft_ap_freqs_mhz">[2412,2417,2422,2427,2432,2437,2442,2447,2452,2457,2462]</string>
<boolean name="wifi_p2p_pending_factory_reset" value="false" />
<null name="wifi_p2p_device_name" />
<boolean name="wifi_scan_always_enabled" value="false" />
<string name="wifi_sta_factory_mac_address">02:15:b2:00:00:00</string>
<string name="wifi_last_country_code">US</string>
<string name="wifi_static_chip_info">[{&quot;chipId&quot;:0,&quot;chipCapabilities&quot;:0,&quot;availableModes&quot;:[{&quot;id&quot;:0,&quot;availableCombinations&quot;:[{&quot;limits&quot;:[{&quot;maxIfaces&quot;:1,&quot;types&quot;:[0]},{&quot;maxIfaces&quot;:1,&quot;types&quot;:[3]}]}]},{&quot;id&quot;:1,&quot;availableCombinations&quot;:[{&quot;limits&quot;:[{&quot;maxIfaces&quot;:1,&quot;types&quot;:[1]}]}]}]}]</string>
<boolean name="wifi_scan_throttle_enabled" value="true" />
<long name="wifi_native_supported_features" value="116391864461951001" />
<boolean name="wifi_verbose_logging_enabled" value="false" />
<int name="supplicant_hal_aidl_service_version" value="3" />
</map>
</Settings>
<PasspointConfigData>
<long name="ProviderIndex" value="0" />
</PasspointConfigData>
<RoamingPolicies>
<map name="DeviceAdminPolicies" />
<map name="NonAdminPolicies" />
</RoamingPolicies>
</WifiConfigStoreData>
