<?xml version='1.0' encoding='utf-8' standalone='yes' ?>
<WifiConfigStoreData>
<int name="Version" value="3" />
<SoftAp>
<string name="WifiSsid">&quot;AndroidAP_2894&quot;</string>
<boolean name="HiddenSSID" value="false" />
<int name="SecurityType" value="1" />
<string name="Passphrase">fhda5p2wexuc8rk</string>
<int name="MaxNumberOfClients" value="0" />
<boolean name="ClientControlByUser" value="false" />
<boolean name="AutoShutdownEnabled" value="true" />
<long name="ShutdownTimeoutMillis" value="-1" />
<BlockedClientList />
<AllowedClientList />
<boolean name="BridgedModeOpportunisticShutdownEnabled" value="true" />
<int name="MacRandomizationSetting" value="2" />
<BandChannelMap>
<BandChannel>
<int name="Band" value="1" />
<int name="Channel" value="0" />
</BandChannel>
</BandChannelMap>
<boolean name="80211axEnabled" value="true" />
<boolean name="UserConfiguration" value="false" />
<long name="BridgedModeOpportunisticShutdownTimeoutMillis" value="-1" />
<VendorElements />
<boolean name="80211beEnabled" value="true" />
<string name="PersistentRandomizedMacAddress">6e:1a:8d:c2:56:41</string>
</SoftAp>
</WifiConfigStoreData>
