<?xml version='1.0' encoding='utf-8' standalone='yes' ?>
<map>
    <long name="fire-count" value="1" />
    <string name="last-used-date">2025-01-07</string>
    <long name="fire-global" value="1736236728659" />
    <set name="device-name/sdk_gphone64_x86_64 android-installer/ android-min-sdk/34 fire-iid/21.1.1 fire-android/35 fire-core/21.0.0_1p fire-fcm/23.3.2_1p fire-installations/17.0.2_1p device-brand/google fire-transport/19.0.0_1p android-platform/ android-target-sdk/35 device-model/emu64xa">
        <string>2025-01-07</string>
    </set>
</map>
