<?xml version='1.0' encoding='utf-8' standalone='yes' ?>
<map>
    <string name="d72837a1d61639279754253409c0a528e10bc931|0">Ih5kYXRhZG93bmxvYWRmaWxlXzE3MzYyMzcyNzUwNTYoAQ</string>
    <string name="a000c0316a83dd3156ad84713d7035be0131c889|0">Ih5kYXRhZG93bmxvYWRmaWxlXzE3MzYyMzcyNzUwNjAoAQ</string>
    <string name="372e21d7f8d6bc0b65f4d02005927591b3b85c49|0">Ih5kYXRhZG93bmxvYWRmaWxlXzE3MzYyMzcyNzUwNTAoAQ</string>
    <string name="9a4c0a7bdb8b94440cfd79068430c5ed086b3007|0">Ih5kYXRhZG93bmxvYWRmaWxlXzE3MzYyMzcyNzUwNTcoAQ</string>
    <string name="78c2b04993ba6899431433ddfceec57be1d19bc2|0">Ih5kYXRhZG93bmxvYWRmaWxlXzE3MzYyMzcyNzUwNDgoAQ</string>
    <string name="190165d09c04b8fe2ae8267866d20744a98466d1|0">Ih5kYXRhZG93bmxvYWRmaWxlXzE3MzYyMzcyNzUwNTgoAQ</string>
    <string name="ca419e389070f2860fd65a1d2eca3e2228a3deb3|0">Ih5kYXRhZG93bmxvYWRmaWxlXzE3MzYyMzcyNzUwNTQoAQ</string>
    <string name="23c7115c941f5f72f1fbd2beef2042cb5289b385|0">Ih5kYXRhZG93bmxvYWRmaWxlXzE3MzYyMzcyNzUwNTkoAQ</string>
    <string name="cb1230b7abb8c56fdfed0eef1056db2fd21c82c3|0">Ih5kYXRhZG93bmxvYWRmaWxlXzE3MzYyMzcyNzUwNjEoAQ</string>
    <string name="b2c4ff614afa59f1876318299479411b44fd1c9a|0">Ih5kYXRhZG93bmxvYWRmaWxlXzE3MzYyMzcyNzUwNDQoAQ</string>
    <string name="5c901e84b5e6665d4555f2cb1997308c4d6dd728|0">Ih5kYXRhZG93bmxvYWRmaWxlXzE3MzYyMzcyNzUwNDcoAQ</string>
    <string name="233e4f2688a422cd0e234fadef71ffb0645017ce|0">Ih5kYXRhZG93bmxvYWRmaWxlXzE3MzYyMzcyNzUwNTMoAQ</string>
    <string name="11a7c74480c8b56486963ba6b9ef4cac4ef8117c|0">Ih5kYXRhZG93bmxvYWRmaWxlXzE3MzYyMzcyNzUwNTUoAQ</string>
    <string name="cd7118b377ddeef30ca7f9e2664827a8b90cbe5f|0">Ih5kYXRhZG93bmxvYWRmaWxlXzE3MzYyMzcyNzUwNDYoAQ</string>
    <string name="7dda268bae560f8042ade6cb218fea7666553f6e|0">Ih5kYXRhZG93bmxvYWRmaWxlXzE3MzYyMzcyNzUwNDkoAQ</string>
    <string name="64d6f5c9988cdd4764ec9892510e594217588ccf|0">Ih5kYXRhZG93bmxvYWRmaWxlXzE3MzYyMzcyNzUwNTIoAQ</string>
    <string name="6f8c5b387855207e03c9672f03d9bfc8f45845f8|0">Ih5kYXRhZG93bmxvYWRmaWxlXzE3MzYyMzcyNzUwNTEoAQ</string>
    <string name="f5ab02be3e7c3ca6a14623da98bc5a0e42666955|0">Ih5kYXRhZG93bmxvYWRmaWxlXzE3MzYyMzcyNzUwNDUoAQ</string>
</map>
