<?xml version='1.0' encoding='utf-8' standalone='yes' ?>
<map>
    <string name="home_wallpaper_recents_key">unknown_current_wallpaper_id1</string>
    <boolean name="themes_sanitized" value="true" />
    <long name="last_daily_log_timestamp" value="1736236770381" />
    <string name="default_recent_wallpapers_lock">[{&quot;id&quot;:&quot;unknown_current_wallpaper_id1&quot;,&quot;attributions&quot;:[&quot;Wallpaper&quot;,null,null],&quot;color&quot;:-15394252}]</string>
    <string name="default_recent_wallpapers">[{&quot;id&quot;:&quot;unknown_current_wallpaper_id1&quot;,&quot;attributions&quot;:[&quot;Wallpaper&quot;,null,null],&quot;color&quot;:-15394252}]</string>
    <string name="lock_wallpaper_recents_key">unknown_current_wallpaper_id1</string>
    <int name="home_wallpaper_id" value="0" />
</map>
