<?xml version='1.0' encoding='utf-8' standalone='yes' ?>
<map>
    <string name="indexed_task_providers">com.android.cellbroadcastreceiver:300000000,com.android.healthconnect.controller:35,com.android.permissioncontroller:350820360,com.android.permissioncontroller.role:350820360,com.android.permissioncontroller.safetycenter:350820360,com.android.settings:35,com.android.traceur:2,com.google.android.apps.gsa.opa.AssistantSettingsProvider:301351415,com.google.android.apps.messaging.settings.search:235003880,com.google.android.apps.nexuslauncher:907,com.google.android.apps.safetyhub.platformsettings.searchindexablesprovider:100403564,com.google.android.apps.search.assistant.surfaces.settings.search:301351415,com.google.android.apps.wellbeing:616487,com.google.android.gms.accountsettings.content:242335041,com.google.android.inputmethod.latin:143544272,com.google.android.marvin.talkback.preference.search.TalkBackSearchIndexablesProvider:60138361,com.google.android.settings.intelligence.provider.search:1000230943,com.google.android.settings.intelligence.routines.impl:1000230943,com.google.android.gms:242335041,com.android.cellbroadcastreceiver:300000000,com.android.healthconnect.controller:35,com.android.permissioncontroller:350820360,com.android.permissioncontroller.role:350820360,com.android.permissioncontroller.safetycenter:350820360,com.android.settings:35,com.android.traceur:2,com.google.android.apps.gsa.opa.AssistantSettingsProvider:301351415,com.google.android.apps.messaging.settings.search:235003880,com.google.android.apps.nexuslauncher:907,com.google.android.apps.safetyhub.platformsettings.searchindexablesprovider:100403564,com.google.android.apps.search.assistant.surfaces.settings.search:301351415,com.google.android.apps.wellbeing:616487,com.google.android.gms:242335041,com.google.android.gms.accountsettings.content:242335041,com.google.android.inputmethod.latin:143544272,com.google.android.marvin.talkback.preference.search.TalkBackSearchIndexablesProvider:60138361,com.google.android.settings.intelligence.provider.search:1000230943,com.google.android.settings.intelligence.routines.impl:1000230943,</string>
    <string name="index_locale">en_US</string>
    <int name="a11y_services_count" value="3" />
    <boolean name="search_slice_indexing_enabled" value="true" />
    <string name="si_version">com.google.android.settings.intelligence:1000230943</string>
    <boolean name="google/sdk_gphone64_x86_64/emu64xa:15/AE3A.240806.005/12228598:userdebug/dev-keys" value="true" />
    <string name="blacklisted_providers">com.google.android.apps.sample,</string>
</map>
