{"Fid":"cspdAvv7QWK9rNFiQsE5Tf","Status":3,"AuthToken":"eyJhbGciOiJFUzI1NiIsInR5cCI6IkpXVCJ9.eyJhcHBJZCI6IjE6MzU3MzE3ODk5NjEwOmFuZHJvaWQ6NDc2NWMwZGVkODgyYzY2NSIsImV4cCI6MTczNjg0MTUzMSwiZmlkIjoiY3NwZEF2djdRV0s5ck5GaVFzRTVUZiIsInByb2plY3ROdW1iZXIiOjM1NzMxNzg5OTYxMH0.AB2LPV8wRgIhAIHw6YMnmT73llaSU7T97zupLtvOhLD1786b0yDaO19qAiEA3fiiZQBKZ6a0mOlmDa2wJmp0qtpP-tUocrLGBvRTu-4","RefreshToken":"3_AS3qfwIFhBFkIMoFui8OI11d9t5YIXvfBRCP5M1n7LTFiOOBHxBdw4dMM45BgCDGJl-q-zy6Jgoqt2VXU99WKMvPTvsZKW9Vbl-P3R2HmGe7cRQ","TokenCreationEpochInSecs":1736236730,"ExpiresInSecs":604800}