<?xml version='1.0' encoding='UTF-8' standalone='yes' ?><items><entry itemType="0" profileId="0" intent="#Intent;action=android.intent.action.MAIN;category=android.intent.category.LAUNCHER;launchFlags=0x10200000;component=com.google.android.apps.photos/.home.HomeActivity;end" /><entry itemType="0" profileId="0" intent="#Intent;action=android.intent.action.MAIN;category=android.intent.category.LAUNCHER;launchFlags=0x10200000;component=com.google.android.youtube/.app.honeycomb.Shell%24HomeActivity;end" /><entry itemType="0" profileId="0" intent="#Intent;action=android.intent.action.MAIN;category=android.intent.category.LAUNCHER;launchFlags=0x10200000;component=com.google.android.deskclock/com.android.deskclock.DeskClock;end" /><entry itemType="0" profileId="0" intent="#Intent;action=android.intent.action.MAIN;category=android.intent.category.LAUNCHER;launchFlags=0x10200000;component=com.google.android.gm/.ConversationListActivityGmail;end" /><entry itemType="0" profileId="0" intent="#Intent;action=android.intent.action.MAIN;category=android.intent.category.LAUNCHER;launchFlags=0x10200000;component=com.google.android.contacts/com.android.contacts.activities.PeopleActivity;end" /><entry itemType="0" profileId="0" intent="#Intent;action=android.intent.action.MAIN;category=android.intent.category.LAUNCHER;launchFlags=0x10200000;component=com.google.android.calendar/com.android.calendar.AllInOneActivity;end" /><entry itemType="0" profileId="0" intent="#Intent;action=android.intent.action.MAIN;category=android.intent.category.LAUNCHER;launchFlags=0x10200000;component=com.google.android.apps.maps/com.google.android.maps.MapsActivity;end" /><entry itemType="0" profileId="0" intent="#Intent;action=android.intent.action.MAIN;category=android.intent.category.LAUNCHER;launchFlags=0x10200000;component=com.google.android.apps.docs/.app.NewMainProxyActivity;end" /></items>