<?xml version='1.0' encoding='UTF-8' standalone='yes' ?><runtime-permissions version="0" fingerprint="e4339c963b81c49fc12361ca8b586bf89d99b277?pc_version=350820360"><shared-user name="android.media" /><shared-user name="android.uid.networkstack" /><shared-user name="com.google.android.calendar.uid.shared" /><shared-user name="android.uid.systemui" /><shared-user name="android.uid.nfc" /><shared-user name="android.uid.se" /><shared-user name="com.google.android.apps.maps" /><shared-user name="android.uid.bluetooth" /><shared-user name="com.google.uid.shared" /><shared-user name="android.uid.shared" /><shared-user name="android.uid.system" /><shared-user name="android.uid.phone" /><shared-user name="android.uid.shell" /><shared-user name="android.uid.calendar" /><shared-user name="com.google.android.projection.gearhead" /><shared-user name="com.android.cts.ctsshim" /></runtime-permissions>